"","rawp","q.value","Bonferroni","R.fold"
"KLF4",0,0,0,2.98997063176053
"TNFAIP3",0,0,0,2.81580840134939
"CENPJ",0,0,0,2.79770159705063
"KLF2",0,0,0,2.74895070231131
"PPP1R15A",0,0,0,2.73240128944791
"CD69",0,0,0,2.72655781328006
"IER5",0,0,0,2.64068239425984
"IRF1",0,0,0,2.62101798452451
"CXCL9",0,0,0,2.57674400679374
"PMAIP1",0,0,0,2.4999687909958
"CXCL10",0,0,0,2.49878491118415
"GBP1",0,0,0,2.45983835352749
"CXCL11",0,0,0,2.43386818554843
"PRF1",0,0,0,2.43312953673468
"EVI2A",0,0,0,2.42265645135425
"RGS1",0,0,0,2.41594948790979
"ZC3H12A",0,0,0,2.41512109509368
"IL10RA",0,0,0,2.40736767417587
"PLAC8",0,0,0,2.40119639130601
"MAP3K8",0,0,0,2.40089927227436
"CTSS",0,0,0,2.39761542725533
"HCP5",0,0,0,2.38530964137445
"PTPRC",0,0,0,2.38466317738951
"KLRD1",0,0,0,2.38176354049844
"TNF",0,0,0,2.37953080876554
"TRIM22",0,0,0,2.37940218148689
"IRF8",0,0,0,2.37358637169536
"CD48",0,0,0,2.37304313801367
"BTG2",0,0,0,2.37162985733392
"CD3D",0,0,0,2.3678630901035
"NKG7",0,0,0,2.36695981985363
"CREB5",0,0,0,2.36661776552704
"HLA-DQB2",0,0,0,2.36364456503498
"TAP1",0,0,0,2.36149906647257
"RUNX3",0,0,0,2.35113981391129
"LST1",0,0,0,2.3484064568424
"BIN2",0,0,0,2.34566137907718
"HLA-DPA1",0,0,0,2.33798069030017
"ITGAL",0,0,0,2.33385739125307
"CSF2RB",0,0,0,2.32885077866661
"P2RX7",0,0,0,2.32479791732191
"IL7R",0,0,0,2.32355007109573
"ARHGAP25",0,0,0,2.32177361087101
"CCL5",0,0,0,2.32053852043355
"MCL1",0,0,0,2.31631315556702
"CST7",0,0,0,2.31616256841586
"CD52",0,0,0,2.31387121348327
"IKZF1",0,0,0,2.30961854988959
"IDO1",0,0,0,2.30943483843001
"AIM2",0,0,0,2.30837824214483
"UBD",0,0,0,2.30495913565278
"LCP2",0,0,0,2.3042271521025
"KLRB1",0,0,0,2.30390508917475
"EVI2B",0,0,0,2.29552135461472
"PSMB9",0,0,0,2.29262262606223
"CD86",0,0,0,2.29258552523667
"BTN3A1",0,0,0,2.28967261045991
"BTN3A2",0,0,0,2.28821269067322
"CD247",0,0,0,2.28565063049749
"CD8A",0,0,0,2.28505510458726
"DEPP1",0,0,0,2.28276845183593
"STK17B",0,0,0,2.28200493250813
"HLA-DOB",0,0,0,2.28074242789028
"ANXA1",0,0,0,2.27219253818402
"APOBEC3G",0,0,0,2.27113781112653
"HLA-DPB1",0,0,0,2.2665778975951
"MYO1F",0,0,0,2.26465236789942
"GZMK",0,0,0,2.26222309093458
"GPR18",0,0,0,2.26205505932208
"BCL11B",0,0,0,2.26167749721436
"CXCR4",0,0,0,2.25937534593301
"CD2",0,0,0,2.25318882223892
"RGS10",0,0,0,2.25285452122069
"P2RY13",0,0,0,2.24919139571093
"GPR65",0,0,0,2.2474452634889
"SP140",0,0,0,2.24540990402058
"AOAH",0,0,0,2.24370007665424
"ADRB2",0,0,0,2.2432015800561
"LY9",0,0,0,2.24133678857644
"FOSB",0,0,0,2.24000743981367
"ISG20",0,0,0,2.23911861507542
"MXD1",0,0,0,2.23635214951712
"RIPOR2",0,0,0,2.23627031129908
"ITK",0,0,0,2.23363860526575
"KLF6",0,0,0,2.23235674851536
"DNAJB1",0,0,0,2.23096799370552
"LILRB1",0,0,0,2.23086452655935
"CD96",0,0,0,2.23032482059871
"HLA-E",0,0,0,2.22476943463846
"STAT4",0,0,0,2.22381082069025
"CLIC2",0,0,0,2.22354310185869
"GZMB",0,0,0,2.22202815721297
"MNDA",0,0,0,2.21674269951093
"GPR171",0,0,0,2.2153944090139
"SLAMF8",0,0,0,2.21426479614217
"IL2RB",0,0,0,2.20896132435202
"MICB",0,0,0,2.20499951364182
"WEE1",0,0,0,2.20455373524879
"MARCH1",0,0,0,2.20291497070475
"LYZ",0,0,0,2.18920863366751
"CLEC10A",0,0,0,2.18023959931047
"CXCL2",0,0,0,2.1789526826445
"P2RY10",0,0,0,2.16833409537113
"CASP1",0,0,0,2.16819751625013
"GIMAP6",0,0,0,2.16746413629154
"HLA-DMA",0,0,0,2.16708189388504
"DUSP5",0,0,0,2.16613359351583
"ST8SIA4",0,0,0,2.15984574360357
"PTPN22",0,0,0,2.15949268447961
"BIRC3",0,0,0,2.15651003165413
"GPR183",0,0,0,2.15341854009654
"LCK",0,0,0,2.152162078464
"HLA-DMB",0,0,0,2.15053614991914
"IKZF3",0,0,0,2.14858732388114
"CBX4",0,0,0,2.14598088482838
"SP110",0,0,0,2.14380386859349
"ACSL5",0,0,0,2.14223594141888
"APOL3",0,0,0,2.1398799194728
"SELL",0,0,0,2.13968371429507
"CELF2",0,0,0,2.13866274810592
"SP140L",0,0,0,2.13763050885073
"CSTA",0,0,0,2.13088689489329
"GNLY",0,0,0,2.13065208179019
"JUNB",0,0,0,2.13053962670669
"RIPK2",0,0,0,2.12864349911397
"PSMB8",0,0,0,2.12774921842345
"JUN",0,0,0,2.12526536804312
"TNFAIP8",0,0,0,2.12453999425678
"RAC2",0,0,0,2.1180024935686
"MAP4K1",0,0,0,2.11599607000502
"NFKBIE",0,0,0,2.11315269841811
"NOD2",0,0,0,2.11194089890508
"CLEC4A",0,0,0,2.11130621435675
"TYROBP",0,0,0,2.11073863080456
"PLK2",0,0,0,2.10985017159959
"CD1C",0,0,0,2.10894257844368
"ARHGAP15",0,0,0,2.10693429248259
"CORO1A",0,0,0,2.106795480739
"MS4A6A",0,0,0,2.1065804458808
"SLA",0,0,0,2.10636427396919
"NCF2",0,0,0,2.10529116369861
"FOXJ1",0,0,0,2.10425913831709
"IFI16",0,0,0,2.1031079250183
"HSPA1A",0,0,0,2.10295144108891
"PELI1",0,0,0,2.10186002008879
"TLR2",0,0,0,2.10115726616514
"SH2D1A",0,0,0,2.09767889407232
"MYC",0,0,0,2.09732698995762
"FCN1",0,0,0,2.09723405606361
"LAX1",0,0,0,2.09504128017873
"PTPRCAP",0,0,0,2.09413583862222
"RHOB",0,0,0,2.09263867442357
"SIRPG",0,0,0,2.09119390069461
"IFNG",0,0,0,2.08976078936052
"HCK",0,0,0,2.08955667632256
"MAFB",0,0,0,2.08872583259221
"CLEC2D",0,0,0,2.08446511566557
"TRAF3IP3",0,0,0,2.0838727608783
"ZFP36L2",0,0,0,2.08310433944612
"PRKCB",0,0,0,2.07722811931008
"SASH3",0,0,0,2.07441303621202
"CD38",0,0,0,2.07378644254095
"CD160",0,0,0,2.07176452451499
"DPEP2",0,0,0,2.07159005671087
"ADGRE5",0,0,0,2.07126430890529
"PYCARD",0,0,0,2.07070005863615
"ADCY7",0,0,0,2.06925372896843
"HLA-DRA",0,0,0,2.06894425062287
"UBE2L6",0,0,0,2.06593758407084
"CRLF3",0,0,0,2.06126017373893
"DOK2",0,0,0,2.06030901807754
"VMP1",0,0,0,2.06020703879885
"TENT5A",0,0,0,2.05872025579763
"LYN",0,0,0,2.05847505481157
"EZH2",0,0,0,2.05703328889075
"CCNL1",0,0,0,2.0552197182161
"ITGAX",0,0,0,2.05505201998801
"INPP5D",0,0,0,2.05274693584485
"RNF125",0,0,0,2.05195937942159
"DYRK2",0,0,0,2.04307726817996
"FAM53C",0,0,0,2.04258896156785
"IRF7",0,0,0,2.04170872493923
"HLA-B",0,0,0,2.04143155585378
"LAT2",0,0,0,2.04058043450379
"APOL1",0,0,0,2.0403936001316
"LAPTM5",0,0,0,2.04032521686675
"FYB1",0,0,0,2.04002019913818
"CLEC7A",0,0,0,2.03907772976593
"TRAT1",0,0,0,2.03828488659537
"IL16",0,0,0,2.03806570445162
"RRAD",0,0,0,2.0376020574734
"FAM49A",0,0,0,2.03460842184208
"RUBCNL",0,0,0,2.03453033107789
"SAMSN1",0,0,0,2.03442297987431
"PLEKHO2",0,0,0,2.03227139266408
"RTN1",0,0,0,2.02967174611299
"MCUB",0,0,0,2.02943909856947
"CD300A",0,0,0,2.0292518263849
"UBASH3A",0,0,0,2.02613113961095
"PIK3CG",0,0,0,2.02611958586008
"KIAA1551",0,0,0,2.02605040012348
"PRDM1",0,0,0,2.02375523727119
"RASSF2",0,0,0,2.02326563740477
"TCIRG1",0,0,0,2.02210547904775
"ADAMDEC1",0,0,0,2.0199122111154
"MYLIP",0,0,0,2.01862709524696
"ITGAM",0,0,0,2.01630828051407
"PVRIG",0,0,0,2.014733351652
"STAT1",0,0,0,2.01429308522778
"TLR8",0,0,0,2.01404993717747
"PTGDR",0,0,0,2.01108627390582
"CFP",0,0,0,2.01085542330925
"BTN2A2",0,0,0,2.01038136745635
"SOCS3",0,0,0,2.00865113322596
"C1QA",0,0,0,2.00796475858332
"SAMHD1",0,0,0,2.00746236894394
"FGR",0,0,0,2.0054923993105
"CASP3",0,0,0,2.00509585371016
"IL21R",0,0,0,2.0043074999177
"ITGB2",0,0,0,2.00417257578289
"POU2AF1",0,0,0,2.00377664924826
"PTPN6",0,0,0,2.00204360369159
"CD27",0,0,0,2.00177412036556
"RGS19",0,0,0,1.99981528368483
"GBP2",0,0,0,1.99785513810414
"ELF4",0,0,0,1.99639093470163
"DDIT3",0,0,0,1.9940054331601
"LILRB2",0,0,0,1.99287833823255
"GIMAP4",0,0,0,1.9920830955157
"ZAP70",0,0,0,1.99182191595855
"HLA-DOA",0,0,0,1.99131316626391
"CD8B",0,0,0,1.98886458337872
"IGSF6",0,0,0,1.9881283942585
"DNAJA1",0,0,0,1.98733307662764
"GCNT1",0,0,0,1.9869884120768
"FCMR",0,0,0,1.98692169482695
"DNAJB4",0,0,0,1.98534535371419
"OAS2",0,0,0,1.98424631056185
"PTPRE",0,0,0,1.98342392217406
"ST3GAL5",0,0,0,1.98159438644561
"P2RY14",0,0,0,1.97909875239108
"REL",0,0,0,1.97905328734619
"SRF",0,0,0,1.97313036127832
"CX3CR1",0,0,0,1.97167245913022
"LAIR1",0,0,0,1.97127262254204
"IL2RG",0,0,0,1.97107720624463
"CD180",0,0,0,1.97090260422339
"ELOVL1",0,0,0,1.96958037945259
"HSPA8",0,0,0,1.96898397293883
"CXCL1",0,0,0,1.96815368705302
"DUSP1",0,0,0,1.96663176876334
"TRIB1",0,0,0,1.965182023834
"NMI",0,0,0,1.96096383446807
"KLRC3",0,0,0,1.96068832732096
"FGL2",0,0,0,1.96065735283601
"HBEGF",0,0,0,1.96027008597073
"HLA-DRB1",0,0,0,1.95993029785108
"DOCK10",0,0,0,1.95932739605581
"TLR7",0,0,0,1.95783505074371
"LY86",0,0,0,1.95747111202787
"LCP1",0,0,0,1.9548598404911
"BCL2A1",0,0,0,1.95022069438607
"DUSP6",0,0,0,1.94826749796301
"NCF4",0,0,0,1.94488047780662
"ALOX5",0,0,0,1.9447615088064
"CX3CL1",0,0,0,1.94438257195952
"WIPF1",0,0,0,1.9441260279539
"C3AR1",0,0,0,1.94320305250845
"CD3G",0,0,0,1.94275675776051
"ARPC2",0,0,0,1.94275453960629
"APOBEC3A",0,0,0,1.94216226833991
"ADA",0,0,0,1.9418467814583
"DUSP2",0,0,0,1.94061147287291
"XAF1",0,0,0,1.94040150956308
"CD37",0,0,0,1.9379949485651
"CTSW",0,0,0,1.93610919157698
"NLRP1",0,0,0,1.93558212204827
"ZFP36L1",0,0,0,1.93447777489394
"PSTPIP2",0,0,0,1.93439906073986
"HLA-C",0,0,0,1.93078022288625
"IL12RB1",0,0,0,1.92876708987196
"SRGN",0,0,0,1.92844358383048
"MAN2B1",0,0,0,1.92774417530833
"TNFRSF1B",0,0,0,1.92743361723831
"TMSB10",0,0,0,1.92659657779316
"CD84",0,0,0,1.92429218919792
"PLEKHO1",0,0,0,1.92315890811908
"LAMP3",0,0,0,1.9230646562368
"LAT",0,0,0,1.92271260531911
"CCR7",0,0,0,1.92056912614795
"CNTRL",0,0,0,1.91987418354367
"TAP2",0,0,0,1.91852928014397
"VAMP1",0,0,0,1.91840412922344
"CAMK1D",0,0,0,1.91706925230559
"THEMIS2",0,0,0,1.91592596486735
"CXCL8",0,0,0,1.91498407351971
"PARP12",0,0,0,1.91288995705575
"PIK3R5",0,0,0,1.91143135940162
"CASP4",0,0,0,1.91028827403944
"MCTP1",0,0,0,1.90918059666654
"CEBPB",0,0,0,1.90915733197836
"ARL4C",0,0,0,1.90817935092914
"ACKR1",0,0,0,1.90686120141433
"PSTPIP1",0,0,0,1.90549377356001
"EVL",0,0,0,1.9053041625496
"SP100",0,0,0,1.90249529287435
"ERN1",0,0,0,1.90238375705668
"RTP4",0,0,0,1.90175352245039
"IFIT3",0,0,0,1.90155478220579
"HSPH1",0,0,0,1.90127208238316
"C1QB",0,0,0,1.89829302485647
"NCKAP1L",0,0,0,1.89821840184391
"AHR",0,0,0,1.89633778903792
"SLC20A1",0,0,0,1.89576799413427
"DHRS9",0,0,0,1.89386658754863
"CHIC2",0,0,0,1.89354804114826
"MS4A4A",0,0,0,1.89331473702495
"SLFN12",0,0,0,1.89263102170703
"ADGRE2",0,0,0,1.89047957757075
"RNASET2",0,0,0,1.88729401969253
"FCGR2B",0,0,0,1.88665576102448
"HOPX",0,0,0,1.88659648888848
"IFI44L",0,0,0,1.88521156972062
"AP1S2",0,0,0,1.88454225873909
"WAS",0,0,0,1.88348657832373
"AIF1",0,0,0,1.88286407619218
"GLIPR1",0,0,0,1.88249235018688
"SERTAD2",0,0,0,1.88237850231475
"DAPP1",0,0,0,1.88159526350624
"FAM129A",0,0,0,1.88137884471043
"SDC3",0,0,0,1.87967226572648
"SIGLEC1",0,0,0,1.87925644723271
"DCK",0,0,0,1.87737708219208
"RGS16",0,0,0,1.8764163879503
"ELMO1",0,0,0,1.87600997654752
"BAZ1A",0,0,0,1.87593473588557
"IGLL1",0,0,0,1.87570879013561
"TARP",0,0,0,1.87544738978121
"CTLA4",0,0,0,1.87449183183752
"BID",0,0,0,1.87368882274229
"ARHGEF6",0,0,0,1.87049913162399
"BTK",0,0,0,1.86868857860686
"RND3",0,0,0,1.86855943472012
"WARS",0,0,0,1.86585704416054
"RHOH",0,0,0,1.86556437842754
"FOS",0,0,0,1.86544956254207
"IL18RAP",0,0,0,1.86529521937654
"MX2",0,0,0,1.86475529592667
"CD1D",0,0,0,1.86404655517117
"CXCR6",0,0,0,1.86353796549348
"KLRF1",0,0,0,1.86289729540513
"OGFRL1",0,0,0,1.8606354568982
"PLA2G7",0,0,0,1.86001605747296
"H2AFY",0,0,0,1.85773294019798
"PSMB10",0,0,0,1.85673482194655
"SRSF7",0,0,0,1.85542650214504
"ARHGDIB",0,0,0,1.85440943673538
"DUSP4",0,0,0,1.85437136825885
"CD40",0,0,0,1.85384103386111
"CD33",0,0,0,1.85306627460499
"IFIT2",0,0,0,1.85287826066159
"SERPINH1",0,0,0,1.85195787010565
"DDB2",0,0,0,1.85154538137673
"TRAF5",0,0,0,1.85064829066966
"IFFO1",0,0,0,1.8486550440824
"PRKCH",0,0,0,1.84639426961981
"BTG1",0,0,0,1.84552932544816
"PTPN7",0,0,0,1.84410822628863
"TLR4",0,0,0,1.84382547915452
"KIF21B",0,0,0,1.84370577787797
"CXCL13",0,0,0,1.84273866111842
"JCHAIN",0,0,0,1.84083478890801
"SLAMF7",0,0,0,1.84047916385122
"CLK1",0,0,0,1.83892865334119
"TMEM131L",0,0,0,1.83535327135478
"MARCKSL1",0,0,0,1.83431175308931
"VAV1",0,0,0,1.83420173506864
"SECTM1",0,0,0,1.83406348045953
"CD44",0,0,0,1.8335994619729
"FN1",0,0,0,1.83323340975973
"DUSP10",0,0,0,1.83313566066753
"HLA-DQA1",0,0,0,1.83310857368159
"MARCKS",0,0,0,1.83110396409544
"ZFP36",0,0,0,1.83106185119226
"DGKA",0,0,0,1.83052584282024
"SLAMF1",0,0,0,1.82944360378015
"OASL",0,0,0,1.82666908780468
"HMGB2",0,0,0,1.8248454906288
"BASP1",0,0,0,1.82397046240842
"CTSC",0,0,0,1.82334230494255
"EFHD2",0,0,0,1.82321991414012
"ZC3HAV1",0,0,0,1.82068013825215
"PIK3CD",0,0,0,1.82056002103783
"SIT1",0,0,0,1.81895581712504
"CSK",0,0,0,1.81866636763883
"LTB",0,0,0,1.81845229406808
"APOC1",0,0,0,1.81671309385732
"TCF7",0,0,0,1.81630922048006
"CXorf21",0,0,0,1.81411417671329
"BATF",0,0,0,1.81388217388559
"RASSF1",0,0,0,1.81345542599175
"TSC22D1",0,0,0,1.81320778269137
"VNN2",0,0,0,1.81227913054299
"LAG3",0,0,0,1.81223289823338
"PLA1A",0,0,0,1.8101537787066
"TNFAIP2",0,0,0,1.80815742052572
"TNFRSF17",0,0,0,1.80546765533343
"VIM",0,0,0,1.80541717643301
"IFI44",0,0,0,1.80271738871893
"FCHSD2",0,0,0,1.80231917304763
"TNFRSF9",0,0,0,1.8012971337671
"GIT2",0,0,0,1.80113696496494
"RAB27A",0,0,0,1.79455541625007
"IFITM1",0,0,0,1.79287394076194
"CPA3",0,0,0,1.79108156206752
"FCER1G",0,0,0,1.78901745746128
"SOCS1",0,0,0,1.78458929489662
"CSF3R",0,0,0,1.78449720519472
"MZB1",0,0,0,1.78433333792456
"MKNK2",0,0,0,1.78210980795568
"TLR1",0,0,0,1.78200849988235
"B2M",0,0,0,1.78142226255636
"EBI3",0,0,0,1.78005656263013
"GMIP",0,0,0,1.78000392674489
"PTAFR",0,0,0,1.77706038848452
"ATP8B2",0,0,0,1.77703526807173
"CBFA2T3",0,0,0,1.77658696985494
"FASLG",0,0,0,1.77630409408311
"CD74",0,0,0,1.77562647160123
"IFNAR2",0,0,0,1.77324989999481
"CCL19",0,0,0,1.77252545301993
"NELL2",0,0,0,1.77202310812137
"FXYD5",0,0,0,1.77185314785683
"BRD2",0,0,0,1.76772957716063
"JAK3",0,0,0,1.76724511866333
"LAIR2",0,0,0,1.76502576861879
"DDX60",0,0,0,1.76476677545726
"CD7",0,0,0,1.76360243055665
"NDC80",0,0,0,1.76311006103566
"PRPF38B",0,0,0,1.76224002526639
"FAR2",0,0,0,1.75902017641582
"ARPC1B",0,0,0,1.75835303877253
"MAP3K3",0,0,0,1.75834941447774
"CKLF",0,0,0,1.75797445426449
"MS4A1",0,0,0,1.75783386349058
"ARNTL2",0,0,0,1.75621307922396
"TNFSF8",0,0,0,1.75446324170328
"RRM2",0,0,0,1.75373194008786
"EGR1",0,0,0,1.75190520932282
"GRK3",0,0,0,1.75167088035856
"SIDT1",0,0,0,1.75084913863566
"APBB1IP",0,0,0,1.74973630547364
"APOBEC3C",0,0,0,1.74959712049567
"CD40LG",0,0,0,1.7482395868831
"BTN2A1",0,0,0,1.74794306303692
"MICALL2",0,0,0,1.74741849073595
"PSME1",0,0,0,1.7464847381339
"TES",0,0,0,1.74638962291198
"ZBP1",0,0,0,1.74588638992371
"SDCBP",0,0,0,1.74548350385509
"CD72",0,0,0,1.74548229775664
"TGFBI",0,0,0,1.74422384449939
"MTMR14",0,0,0,1.74329528402446
"CARD8",0,0,0,1.74304429314497
"DENND1C",0,0,0,1.74239717194201
"TSPAN32",0,0,0,1.7397207234989
"RASA2",0,0,0,1.73971197326922
"ST8SIA1",0,0,0,1.73814596165412
"CCL8",0,0,0,1.73702165208373
"SERPINB1",0,0,0,1.73620963938078
"DUSP8",0,0,0,1.73578472892361
"IRF4",0,0,0,1.73526639075279
"FPR3",0,0,0,1.7351288866047
"TCIM",0,0,0,1.73505704050557
"BLM",0,0,0,1.73263421169958
"CD79B",0,0,0,1.73097171827541
"GNA13",0,0,0,1.72706216742899
"BCL11A",0,0,0,1.72641206216836
"WFDC2",0,0,0,1.72593419146136
"ELF1",0,0,0,1.72581194008831
"C2CD2",0,0,0,1.72404254187544
"RAB31",0,0,0,1.72298895241572
"LIMD2",0,0,0,1.72189114061841
"CCNA2",0,0,0,1.7196007691597
"ELF3",0,0,0,1.71954460030772
"FOLR2",0,0,0,1.71948655217782
"CYTH4",0,0,0,1.71866983481393
"MYB",0,0,0,1.71823476231978
"NXF1",0,0,0,1.71791096635639
"LDLR",0,0,0,1.71763235527472
"SEPT6",0,0,0,1.71577512363386
"TTC13",0,0,0,1.71560699034607
"CHST11",0,0,0,1.71542873586153
"CAV1",0,0,0,1.71540045725244
"CCDC69",0,0,0,1.71531690775186
"DNMT1",0,0,0,1.71501879350612
"JAK2",0,0,0,1.7105473356002
"LPAR6",0,0,0,1.71008926275744
"MYD88",0,0,0,1.70690210613686
"VAMP5",0,0,0,1.70675365454861
"FSCN1",0,0,0,1.70633955007162
"MIS12",0,0,0,1.70426291299059
"TRAFD1",0,0,0,1.70177248608447
"BMP2",0,0,0,1.7014755974355
"STX11",0,0,0,1.70103887533228
"EED",0,0,0,1.70083380719438
"RASGRP1",0,0,0,1.70070944606159
"LUM",0,0,0,1.70058634320057
"SERPING1",0,0,0,1.70050885963765
"RFX5",0,0,0,1.69983355499856
"RBM15",0,0,0,1.699359085677
"PILRA",0,0,0,1.6986520110058
"VPS13C",0,0,0,1.69859384711818
"LPAR1",0,0,0,1.69726336019143
"IRF9",0,0,0,1.69660496130924
"NCAPG",0,0,0,1.6958314066704
"TRAF1",0,0,0,1.69482668039832
"CH25H",0,0,0,1.69392184684663
"SPN",0,0,0,1.69334012558552
"HERC5",0,0,0,1.69202796804651
"LOXL1",0,0,0,1.69136802793234
"MSX1",0,0,0,1.69052507927726
"TNFRSF25",0,0,0,1.69026240474583
"CD3E",0,0,0,1.6901711116227
"CYLD",0,0,0,1.68968309173411
"RAP2B",0,0,0,1.68963491986664
"TUT7",0,0,0,1.68912207543655
"MTHFD2",0,0,0,1.68801020232869
"CD80",0,0,0,1.68663534203911
"VSIG4",0,0,0,1.68632060022354
"S100A6",0,0,0,1.68574208593328
"UBA7",0,0,0,1.68222645674031
"ANXA2",0,0,0,1.68172598022699
"CSF1R",0,0,0,1.68013517621799
"CAMK4",0,0,0,1.67681372780083
"KCNJ2",0,0,0,1.67648154344133
"N4BP2L1",0,0,0,1.67633221800179
"S100PBP",0,0,0,1.67347362063343
"REEP4",0,0,0,1.67344000892712
"APOL6",0,0,0,1.67022575035923
"DLGAP5",0,0,0,1.6682089729193
"RSRP1",0,0,0,1.66807055316035
"SOX4",0,0,0,1.66792417266946
"ATAD2",0,0,0,1.66751303262039
"CENPU",0,0,0,1.66747276087584
"CD19",0,0,0,1.66687771175768
"IRAK3",0,0,0,1.66672951274851
"CCND3",0,0,0,1.66658439622441
"FILIP1L",0,0,0,1.66653097076027
"UCP2",0,0,0,1.66458912444576
"PLXNC1",0,0,0,1.66453025867034
"NUSAP1",0,0,0,1.66404752479886
"STK26",0,0,0,1.66303643544333
"FLI1",0,0,0,1.66196620397219
"ERAP2",0,0,0,1.6613137052118
"CXCR3",0,0,0,1.66070591760819
"RSAD2",0,0,0,1.65988436225891
"PABPC4",0,0,0,1.65970337552761
"LMNB1",0,0,0,1.65930682662553
"C1R",0,0,0,1.65830752284974
"HELLS",0,0,0,1.65749815502528
"FKBP11",0,0,0,1.65567463463352
"CD4",0,0,0,1.65531460437107
"ARAP2",0,0,0,1.65520485416598
"CCL18",0,0,0,1.65505019666377
"PCLAF",0,0,0,1.65472465532313
"ITM2A",0,0,0,1.65344784887509
"ZNF266",0,0,0,1.65257027868888
"MCM7",0,0,0,1.65173925512405
"CLIC3",0,0,0,1.65166732847604
"ARHGAP22",0,0,0,1.64985989019695
"TENT5C",0,0,0,1.64978872965993
"KLRG1",0,0,0,1.64773556483029
"HECA",0,0,0,1.64736232834867
"DOK3",0,0,0,1.64595578640433
"GNPTAB",0,0,0,1.64497669134167
"ASAP1",0,0,0,1.64409113463308
"CD47",0,0,0,1.64268269724469
"HIST1H3D",0,0,0,1.64205208376447
"PTGER4",0,0,0,1.64113960934037
"SLC15A3",0,0,0,1.64061527042435
"TRA2A",0,0,0,1.64005511790928
"DTL",0,0,0,1.63962487275799
"DCLRE1C",0,0,0,1.63884977833134
"ZNF165",0,0,0,1.63803651724348
"ACAP1",0,0,0,1.63735383529183
"RASGRP2",0,0,0,1.63733557711303
"KIF20A",0,0,0,1.6364166933423
"TOP2A",0,0,0,1.63571678771097
"ELK3",0,0,0,1.63562164971578
"VPS37B",0,0,0,1.63549296826336
"GSDMB",0,0,0,1.63544186915418
"TCF4",0,0,0,1.63518521217465
"MFNG",0,0,0,1.63486088093889
"CBLB",0,0,0,1.63474222103996
"TRIM56",0,0,0,1.63348557445725
"VCAN",0,0,0,1.63023360411599
"LTF",0,0,0,1.629508279675
"MDK",0,0,0,1.62915699796966
"IFNGR2",0,0,0,1.62915645063742
"CEBPA",0,0,0,1.62831425398563
"IFI27",0,0,0,1.62819676128479
"BUB1",0,0,0,1.62806980468765
"TNC",0,0,0,1.62644798411446
"NNMT",0,0,0,1.62527629166977
"CD244",0,0,0,1.62509356615819
"CEP55",0,0,0,1.62488989162244
"COL3A1",0,0,0,1.62386120629692
"ADAP2",0,0,0,1.62285781886417
"RHOG",0,0,0,1.62264651270156
"PLXND1",0,0,0,1.62261015918487
"IRF2",0,0,0,1.62224868356586
"ISG15",0,0,0,1.62224174249959
"IMPDH1",0,0,0,1.62109374820058
"SNW1",0,0,0,1.62073661677137
"MMP7",0,0,0,1.62050199717846
"CARD9",0,0,0,1.61909898452465
"GNAI2",0,0,0,1.61904286629556
"IL12B",0,0,0,1.61862506595129
"CD79A",0,0,0,1.61840524465847
"CHFR",0,0,0,1.61663010598548
"AKAP13",0,0,0,1.61471275912938
"OAS3",0,0,0,1.61390274883014
"MEOX1",0,0,0,1.61332760588721
"TDO2",0,0,0,1.61326664149563
"OLFML2B",0,0,0,1.61166499426771
"UBE2C",0,0,0,1.61067852557836
"KPNB1",0,0,0,1.61053088807728
"CP",0,0,0,1.61036798311609
"PDCD4",0,0,0,1.60856047877386
"TYMP",0,0,0,1.60849227575409
"CBR3",0,0,0,1.60826160803562
"TSC22D2",0,0,0,1.60811615863036
"FAM111A",0,0,0,1.60665570139544
"NECAP2",0,0,0,1.60571053876432
"PIK3IP1",0,0,0,1.60430457978636
"GFOD1",0,0,0,1.6036544038015
"GZMM",0,0,0,1.60351276668026
"CYTH1",0,0,0,1.60332448364562
"ATM",0,0,0,1.6030466022808
"INPP4B",0,0,0,1.60263985170418
"DENND2D",0,0,0,1.60204307497202
"STK4",0,0,0,1.60157482551728
"LAP3",0,0,0,1.60133437604874
"TNFRSF4",0,0,0,1.60087426753213
"EMP3",0,0,0,1.60021587972444
"ADRA2A",0,0,0,1.60007262198938
"PIM1",0,0,0,1.59987341102155
"C21orf91",0,0,0,1.59971124785551
"LY96",0,0,0,1.59950291862385
"MSL3",0,0,0,1.59927518464094
"PTGER2",0,0,0,1.59901071875947
"RPS11",0,0,0,1.59898459078499
"CLEC4E",0,0,0,1.59854949795582
"TPX2",0,0,0,1.59793469158823
"C1S",0,0,0,1.59736586368254
"FES",0,0,0,1.59660446426984
"XBP1",0,0,0,1.5948527318513
"MCAM",0,0,0,1.59461109969287
"LBH",0,0,0,1.59378322025077
"CENPA",0,0,0,1.59349213293033
"BCL10",0,0,0,1.59321777181713
"SH3BGRL3",0,0,0,1.59272261524746
"NDEL1",0,0,0,1.59217165854866
"IER2",0,0,0,1.59190133150306
"CD1E",0,0,0,1.59163350259083
"TRIM21",0,0,0,1.5911309741359
"CMKLR1",0,0,0,1.59051554552645
"GNA15",0,0,0,1.5900571637434
"ERAP1",0,0,0,1.5897821166529
"SAMD9",0,0,0,1.58959090945852
"ETS1",0,0,0,1.58930414575014
"GPSM3",0,0,0,1.588701319351
"ARPC5",0,0,0,1.58710683968651
"PLSCR1",0,0,0,1.58670583596895
"KIF14",0,0,0,1.58649838614183
"PMP22",0,0,0,1.58647721908761
"ZBED2",0,0,0,1.58630475568094
"TUBA1A",0,0,0,1.5858107363845
"PRR5L",0,0,0,1.58571365674054
"CD226",0,0,0,1.58554090043118
"TMEM156",0,0,0,1.58506788709851
"PMCH",0,0,0,1.58481651050981
"RNF19A",0,0,0,1.58461756756785
"CCNE2",0,0,0,1.58448830246693
"RBMS1",0,0,0,1.58444775408824
"TAPBPL",0,0,0,1.58417676805676
"PDLIM1",0,0,0,1.58382954360661
"CDKN1B",0,0,0,1.58365373781868
"BCL6",0,0,0,1.58324909963133
"CD6",0,0,0,1.58174635009064
"LFNG",0,0,0,1.58157241253007
"NAGK",0,0,0,1.58039514341549
"RIPK4",0,0,0,1.57852985579888
"NABP1",0,0,0,1.57736643887764
"HIST1H2BG",0,0,0,1.57670042918767
"NTM",0,0,0,1.57639660051845
"SAT1",0,0,0,1.57598706784946
"TIPARP",0,0,0,1.57538385804659
"FNTA",0,0,0,1.57536562691068
"HSP90AA1",0,0,0,1.57456348870111
"NR3C1",0,0,0,1.57382184600721
"ZNF217",0,0,0,1.57327554684775
"CCND2",0,0,0,1.57271228082248
"TSC22D3",0,0,0,1.5722416791735
"TNIP3",0,0,0,1.57191221062494
"KIF4A",0,0,0,1.57120380169128
"TAPBP",0,0,0,1.56919609559832
"PRC1",0,0,0,1.56853572969406
"PRKD2",0,0,0,1.56819464473869
"CDKN2AIP",0,0,0,1.56647593499748
"BACH2",0,0,0,1.56642363336483
"BATF3",0,0,0,1.56609817071058
"PABPC3",0,0,0,1.566033054445
"H2AFX",0,0,0,1.56234495633723
"SELE",0,0,0,1.56216495317583
"UBE2E1",0,0,0,1.56174540821415
"CST3",0,0,0,1.56169458957497
"HHEX",0,0,0,1.56125913684542
"FCRL2",0,0,0,1.56038948935382
"TIMP2",0,0,0,1.55960415179497
"HDC",0,0,0,1.55941958515413
"SLC16A6",0,0,0,1.55881788113089
"C3",0,0,0,1.55828045823585
"KIF11",0,0,0,1.55739121053998
"IL7",0,0,0,1.55707654499041
"KLF11",0,0,0,1.55682228869604
"NINJ2",0,0,0,1.55679518467679
"NPDC1",0,0,0,1.55666889217996
"TMC6",0,0,0,1.55608341645971
"MMP9",0,0,0,1.5560110673528
"IL1B",0,0,0,1.55480441004403
"IL27RA",0,0,0,1.55471949596685
"SSR2",0,0,0,1.5546296552364
"PNOC",0,0,0,1.55384537352662
"GAS7",0,0,0,1.55366867997353
"MYO9B",0,0,0,1.55296802422579
"CCL11",0,0,0,1.55293404067595
"AGBL2",0,0,0,1.55212726040208
"GEM",0,0,0,1.55160140526876
"GTF2B",0,0,0,1.55096696727123
"SETX",0,0,0,1.55092220859966
"NFKB1",0,0,0,1.55058188441209
"PBK",0,0,0,1.54964689464951
"SELP",0,0,0,1.54915174631252
"ZEB2",0,0,0,1.54855891219729
"ORC6",0,0,0,1.54799812234855
"TIMP1",0,0,0,1.54778926238824
"BLK",0,0,0,1.547450754975
"GLA",0,0,0,1.54694852730302
"DUSP22",0,0,0,1.54549388520759
"KBTBD2",0,0,0,1.54525509040521
"IL2RA",0,0,0,1.54518641527377
"FBXO5",0,0,0,1.54513589998582
"KIF15",0,0,0,1.54475812460652
"MGAT1",0,0,0,1.544698387366
"TOB2",0,0,0,1.54406523088899
"ASPM",0,0,0,1.54363837798256
"ADAMTS1",0,0,0,1.54315860152148
"CITED2",0,0,0,1.54298474380624
"CENPM",0,0,0,1.54256655474669
"CDH5",0,0,0,1.54253432813865
"CDC25B",0,0,0,1.54073649860903
"ASTE1",0,0,0,1.54072183566658
"FANCL",0,0,0,1.54059532892785
"GLUL",0,0,0,1.54057029039094
"NFATC1",0,0,0,1.54002934890541
"HLX",0,0,0,1.53990828980693
"MAD2L1",0,0,0,1.53983884520386
"CCL13",0,0,0,1.5397958540719
"WASF2",0,0,0,1.53892003862524
"ATG12",0,0,0,1.53871960161583
"GALNT6",0,0,0,1.53816749646315
"MELK",0,0,0,1.53744022017653
"CHORDC1",0,0,0,1.53732117449332
"KIF2C",0,0,0,1.53660844532242
"SPRY1",0,0,0,1.53635950777191
"NPAT",0,0,0,1.53602363325088
"LIPA",0,0,0,1.53550835961287
"APBA2",0,0,0,1.53504876402479
"FHL2",0,0,0,1.5343886218144
"QPCT",0,0,0,1.53300864388222
"CXCL6",0,0,0,1.53275772837775
"EDN1",0,0,0,1.53248590865873
"LHFPL2",0,0,0,1.53166749409348
"NXPE3",0,0,0,1.53084475381165
"IL6",0,0,0,1.52863482387393
"SMC4",0,0,0,1.52786386356828
"CNOT2",0,0,0,1.52785617903892
"MX1",0,0,0,1.52736379132843
"COL4A1",0,0,0,1.52675305562039
"INPP4A",0,0,0,1.52644134007281
"INHBA",0,0,0,1.52618051147231
"MYOF",0,0,0,1.52614094981171
"FAS",0,0,0,1.5259905557451
"H1FX",0,0,0,1.52530175029307
"VRK2",0,0,0,1.52521269645368
"ARGLU1",0,0,0,1.52478536972008
"FRAT2",0,0,0,1.52456779900502
"NFE2L3",0,0,0,1.52444340342779
"IL12A",0,0,0,1.5244225274102
"CYBC1",0,0,0,1.52402704282643
"ARID5A",0,0,0,1.52342480413556
"FBN2",0,0,0,1.52218860209634
"CALHM2",0,0,0,1.52215745394788
"CCNB2",0,0,0,1.52193921807412
"SPHK1",0,0,0,1.52151296896603
"MAP7D1",0,0,0,1.52136532398508
"ABCA7",0,0,0,1.52071518624527
"FBXW7",0,0,0,1.52029374067288
"TOPBP1",0,0,0,1.51999377026401
"EFEMP1",0,0,0,1.51988885055842
"LBR",0,0,0,1.5184952651406
"FNBP4",0,0,0,1.51786187891636
"CHI3L2",0,0,0,1.51770830411751
"CDK1",0,0,0,1.51763159935006
"RARRES3",0,0,0,1.51611087486473
"KCNMA1",0,0,0,1.5159483940627
"TICAM1",0,0,0,1.51481620678724
"GRB2",0,0,0,1.51462833833176
"MYCBP2",0,0,0,1.51459376014279
"TM6SF1",0,0,0,1.51401445109864
"CENPE",0,0,0,1.51383525083264
"TSPAN13",0,0,0,1.51264486648248
"BCAT1",0,0,0,1.51257381490142
"STAT5A",0,0,0,1.51250663290863
"CCNB1",0,0,0,1.51183389643492
"MCM5",0,0,0,1.51143734902437
"DENND5A",0,0,0,1.51094099219271
"ZNF211",0,0,0,1.51070651435298
"BMP2K",0,0,0,1.50972453484302
"ARHGAP17",0,0,0,1.50859729684422
"NEDD9",0,0,0,1.50832738358524
"DEGS1",0,0,0,1.50804227393207
"OSER1",0,0,0,1.50788459516941
"APOBEC3F",0,0,0,1.50788157890618
"CPVL",0,0,0,1.50718092546949
"ITPKC",0,0,0,1.50618707162704
"LHFPL6",0,0,0,1.50449832868638
"NAP1L1",0,0,0,1.50424810742371
"IL4R",0,0,0,1.50413412619091
"C5AR1",0,0,0,1.50355445200569
"PAK3",0,0,0,1.50271747596656
"BUB1B",0,0,0,1.50206432707982
"HIVEP3",0,0,0,1.50116616653209
"CD14",0,0,0,1.50105812943654
"WDR82",0,0,0,1.50040446182813
"ABCC1",0,0,0,1.50023789286204
